timestamp,operation,status_code,latency_ms
2026-08-17T16:18:14.727803175Z,write,201,70.505
2026-08-17T16:18:14.729766244Z,write,201,69.773
2026-08-17T16:18:14.727517929Z,write,201,71.878
2026-08-17T16:18:14.728672599Z,write,201,96.127
2026-08-17T16:18:14.729271992Z,write,201,95.710
2026-08-17T16:18:14.72893938Z,write,201,96.114
2026-08-17T16:18:14.729092143Z,write,201,96.022
2026-08-17T16:18:14.729634397Z,write,201,95.543
2026-08-17T16:18:14.731322286Z,write,201,93.914
2026-08-17T16:18:14.727630124Z,write,201,97.672
2026-08-17T16:18:14.729474597Z,write,201,96.844
2026-08-17T16:18:14.730539767Z,write,201,100.203
2026-08-17T16:18:14.731145056Z,write,201,106.235
2026-08-17T16:18:14.731506282Z,write,201,106.030
2026-08-17T16:18:14.731625028Z,write,201,105.989
2026-08-17T16:18:14.727237023Z,write,201,110.439
2026-08-17T16:18:14.727243964Z,write,201,110.510
2026-08-17T16:18:14.727366716Z,write,201,110.451
2026-08-17T16:18:14.73098431Z,write,201,106.917
2026-08-17T16:18:14.730775502Z,write,201,107.213
2026-08-17T16:18:14.798370856Z,write,201,48.983
2026-08-17T16:18:14.826348384Z,write,201,35.079
2026-08-17T16:18:14.799573287Z,read,200,61.990
2026-08-17T16:18:14.824997345Z,read,200,36.638
2026-08-17T16:18:14.799924918Z,read,200,61.784
2026-08-17T16:18:14.82532145Z,write,201,50.768
2026-08-17T16:18:14.837421223Z,write,201,38.802
2026-08-17T16:18:14.837917836Z,write,201,38.393
2026-08-17T16:18:14.825185191Z,read,200,54.161
2026-08-17T16:18:14.837999008Z,read,200,42.031
2026-08-17T16:18:14.82512225Z,read,200,61.411
2026-08-17T16:18:14.837685777Z,read,200,48.980
2026-08-17T16:18:14.830771005Z,read,200,56.107
2026-08-17T16:18:14.825245006Z,read,200,63.954
2026-08-17T16:18:14.825063271Z,read,200,64.579
2026-08-17T16:18:14.861728578Z,write,201,28.287
2026-08-17T16:18:14.861645068Z,read,200,29.566
2026-08-17T16:18:14.861575309Z,read,200,29.736
2026-08-17T16:18:14.86146002Z,read,200,37.034
2026-08-17T16:18:14.847412104Z,read,200,51.234
2026-08-17T16:18:14.824829027Z,read,200,74.068
2026-08-17T16:18:14.837763749Z,read,200,70.788
2026-08-17T16:18:14.83782603Z,read,200,72.621
2026-08-17T16:18:14.837548461Z,read,200,73.061
2026-08-17T16:18:14.837623714Z,read,200,76.343
2026-08-17T16:18:14.87938223Z,write,201,43.942
2026-08-17T16:18:14.876328036Z,write,201,49.701
2026-08-17T16:18:14.876244275Z,write,201,49.971
2026-08-17T16:18:14.889221495Z,read,200,40.363
2026-08-17T16:18:14.886932904Z,write,201,49.283
2026-08-17T16:18:14.886571264Z,write,201,49.786
2026-08-17T16:18:14.891226313Z,read,200,48.591
2026-08-17T16:18:14.876117499Z,read,200,63.815
2026-08-17T16:18:14.890035712Z,write,201,53.349
2026-08-17T16:18:14.886678976Z,read,200,58.743
2026-08-17T16:18:14.889665655Z,write,201,59.148
2026-08-17T16:18:14.891323357Z,read,200,58.198
2026-08-17T16:18:14.898662453Z,write,201,52.726
2026-08-17T16:18:14.880048557Z,read,200,72.128
2026-08-17T16:18:14.910480715Z,write,201,41.824
2026-08-17T16:18:14.910698047Z,write,201,41.794
2026-08-17T16:18:14.898534448Z,write,201,54.067
2026-08-17T16:18:14.908582407Z,read,200,47.105
2026-08-17T16:18:14.913990343Z,read,200,42.232
2026-08-17T16:18:14.898924349Z,read,200,60.021
2026-08-17T16:18:14.923415832Z,read,200,47.043
2026-08-17T16:18:14.926260043Z,write,201,44.343
2026-08-17T16:18:14.945453002Z,write,201,29.030
2026-08-17T16:18:14.936537434Z,write,201,38.839
2026-08-17T16:18:14.929608176Z,read,200,49.106
2026-08-17T16:18:14.94340828Z,read,200,35.420
2026-08-17T16:18:14.926055766Z,read,200,53.522
2026-08-17T16:18:14.939839161Z,read,200,43.465
2026-08-17T16:18:14.949543731Z,write,201,33.856
2026-08-17T16:18:14.936242134Z,read,200,47.299
2026-08-17T16:18:14.939943295Z,read,200,43.791
2026-08-17T16:18:14.948941404Z,write,201,34.891
2026-08-17T16:18:14.952515572Z,write,201,31.430
2026-08-17T16:18:14.958993059Z,write,201,26.829
2026-08-17T16:18:14.956236975Z,read,200,36.678
2026-08-17T16:18:14.974550565Z,write,201,26.098
2026-08-17T16:18:14.983959532Z,write,201,17.135
2026-08-17T16:18:14.952202863Z,read,200,50.229
2026-08-17T16:18:14.952315003Z,read,200,50.214
2026-08-17T16:18:14.97959295Z,read,200,23.054
2026-08-17T16:18:14.955710774Z,read,200,47.787
2026-08-17T16:18:14.975403882Z,read,200,28.728
2026-08-17T16:18:14.951406648Z,read,200,52.820
2026-08-17T16:18:14.95263009Z,read,200,52.489
2026-08-17T16:18:14.98341691Z,read,200,27.171
2026-08-17T16:18:14.978734963Z,read,200,32.900
2026-08-17T16:18:14.97884258Z,read,200,33.301
2026-08-17T16:18:14.983851953Z,write,201,31.300
2026-08-17T16:18:14.970488392Z,read,200,46.490
2026-08-17T16:18:14.983554899Z,read,200,34.421
2026-08-17T16:18:14.993056641Z,write,201,28.078
2026-08-17T16:18:14.983324325Z,read,200,45.596
2026-08-17T16:18:15.002572837Z,write,201,26.458
2026-08-17T16:18:15.00265725Z,read,200,26.496
2026-08-17T16:18:15.003608608Z,write,201,25.726
2026-08-17T16:18:15.00245196Z,read,200,28.764
2026-08-17T16:18:14.985836557Z,read,200,45.474
2026-08-17T16:18:14.983770414Z,read,200,47.605
2026-08-17T16:18:15.015252838Z,write,201,19.805
2026-08-17T16:18:15.01064878Z,read,200,27.343
2026-08-17T16:18:15.01799238Z,read,200,20.099
2026-08-17T16:18:15.004159271Z,read,200,34.011
2026-08-17T16:18:15.005134692Z,read,200,33.087
2026-08-17T16:18:15.016999992Z,read,200,21.306
2026-08-17T16:18:15.01215913Z,read,200,25.759
2026-08-17T16:18:15.011656729Z,read,200,28.872
2026-08-17T16:18:15.000979314Z,read,200,39.636
2026-08-17T16:18:15.004237161Z,read,200,36.455
2026-08-17T16:18:14.970615513Z,read,200,70.136
2026-08-17T16:18:15.021168103Z,write,201,22.734
2026-08-17T16:18:15.001110226Z,read,200,46.680
2026-08-17T16:18:15.029356422Z,write,201,20.662
2026-08-17T16:18:15.028976667Z,read,200,26.866
2026-08-17T16:18:15.031385017Z,read,200,28.268
2026-08-17T16:18:15.038315851Z,read,200,21.622
2026-08-17T16:18:15.043938732Z,read,200,16.282
2026-08-17T16:18:15.029055208Z,read,200,31.277
2026-08-17T16:18:15.031236938Z,read,200,31.713
2026-08-17T16:18:15.040549971Z,read,200,25.945
2026-08-17T16:18:15.040635007Z,write,201,29.880
2026-08-17T16:18:15.038230085Z,read,200,32.830
2026-08-17T16:18:15.035113699Z,read,200,36.113
2026-08-17T16:18:15.038102169Z,read,200,34.892
2026-08-17T16:18:15.038007316Z,read,200,35.311
2026-08-17T16:18:15.038879116Z,read,200,34.486
2026-08-17T16:18:15.031322182Z,read,200,45.259
2026-08-17T16:18:15.02916427Z,read,200,47.543
2026-08-17T16:18:15.040763962Z,write,201,44.329
2026-08-17T16:18:15.040705074Z,write,201,44.635
2026-08-17T16:18:15.038179241Z,read,200,57.017
2026-08-17T16:18:15.063009763Z,write,201,36.410
2026-08-17T16:18:15.055896947Z,write,201,43.454
2026-08-17T16:18:15.060245123Z,write,201,39.480
2026-08-17T16:18:15.073014289Z,read,200,38.635
2026-08-17T16:18:15.070766826Z,write,201,41.077
2026-08-17T16:18:15.071241967Z,read,200,40.741
2026-08-17T16:18:15.071077789Z,read,200,41.001
2026-08-17T16:18:15.07672208Z,write,201,35.446
2026-08-17T16:18:15.07333296Z,read,200,38.936
2026-08-17T16:18:15.06659184Z,write,201,45.779
2026-08-17T16:18:15.04792444Z,read,200,64.590
2026-08-17T16:18:15.050166623Z,read,200,62.445
2026-08-17T16:18:15.059951632Z,read,200,52.759
2026-08-17T16:18:15.059681667Z,read,200,53.495
2026-08-17T16:18:15.076618769Z,write,201,36.775
2026-08-17T16:18:15.07337724Z,read,200,46.103
2026-08-17T16:18:15.085522435Z,write,201,35.643
2026-08-17T16:18:15.060341643Z,read,200,66.410
2026-08-17T16:18:15.1131972Z,write,201,25.274
2026-08-17T16:18:15.111895203Z,write,201,27.266
2026-08-17T16:18:15.08512197Z,read,200,55.746
2026-08-17T16:18:15.095282555Z,read,200,46.055
2026-08-17T16:18:15.112283255Z,write,201,29.525
2026-08-17T16:18:15.099642554Z,read,200,42.821
2026-08-17T16:18:15.099434357Z,read,200,43.759
2026-08-17T16:18:15.099737495Z,read,200,44.023
2026-08-17T16:18:15.112629627Z,write,201,32.956
2026-08-17T16:18:15.112720385Z,read,200,33.835
2026-08-17T16:18:15.112524293Z,read,200,34.661
2026-08-17T16:18:15.112089138Z,read,200,36.818
2026-08-17T16:18:15.112417405Z,write,201,37.687
2026-08-17T16:18:15.113408872Z,read,200,41.938
2026-08-17T16:18:15.140939654Z,write,201,30.213
2026-08-17T16:18:15.142487826Z,write,201,28.787
2026-08-17T16:18:15.121334972Z,write,201,50.048
2026-08-17T16:18:15.144117079Z,write,201,27.329
2026-08-17T16:18:15.138513771Z,write,201,32.983
2026-08-17T16:18:15.119565964Z,write,201,51.993
2026-08-17T16:18:15.111676527Z,read,200,67.182
2026-08-17T16:18:15.111993969Z,read,200,67.451
2026-08-17T16:18:15.112205552Z,read,200,67.343
2026-08-17T16:18:15.139178743Z,read,200,42.593
2026-08-17T16:18:15.126830972Z,read,200,57.448
2026-08-17T16:18:15.150129697Z,write,201,37.814
2026-08-17T16:18:15.143209406Z,read,200,47.953
2026-08-17T16:18:15.147199814Z,read,200,46.186
2026-08-17T16:18:15.148924941Z,read,200,44.877
2026-08-17T16:18:15.141351347Z,read,200,54.738
2026-08-17T16:18:15.141823458Z,read,200,54.863
2026-08-17T16:18:15.171568147Z,read,200,30.113
2026-08-17T16:18:15.146601923Z,read,200,55.562
2026-08-17T16:18:15.155371552Z,read,200,46.988
2026-08-17T16:18:15.171505085Z,read,200,31.287
2026-08-17T16:18:15.171298131Z,write,201,32.194
2026-08-17T16:18:15.145837761Z,read,200,58.906
2026-08-17T16:18:15.171392551Z,read,200,33.905
2026-08-17T16:18:15.171192851Z,read,200,36.381
2026-08-17T16:18:15.184341101Z,write,201,29.156
2026-08-17T16:18:15.1792808Z,write,201,39.443
2026-08-17T16:18:15.181803061Z,write,201,39.550
2026-08-17T16:18:15.187966774Z,read,200,36.618
2026-08-17T16:18:15.171454687Z,read,200,53.403
2026-08-17T16:18:15.196712924Z,write,201,32.585
2026-08-17T16:18:15.193830494Z,write,201,35.690
2026-08-17T16:18:15.191187844Z,read,200,41.884
2026-08-17T16:18:15.196110875Z,read,200,38.454
2026-08-17T16:18:15.179589481Z,read,200,55.111
2026-08-17T16:18:15.179460399Z,read,200,57.204
2026-08-17T16:18:15.193422601Z,read,200,43.402
2026-08-17T16:18:15.205322564Z,write,201,32.166
2026-08-17T16:18:15.202428019Z,write,201,35.238
2026-08-17T16:18:15.202180798Z,read,200,36.891
2026-08-17T16:18:15.207601787Z,write,201,33.527
2026-08-17T16:18:15.213550756Z,read,200,28.262
2026-08-17T16:18:15.203506117Z,read,200,39.192
2026-08-17T16:18:15.224924834Z,read,200,18.049
2026-08-17T16:18:15.221414747Z,write,201,26.625
2026-08-17T16:18:15.204758701Z,read,200,45.361
2026-08-17T16:18:15.201767329Z,read,200,49.104
2026-08-17T16:18:15.202805371Z,read,200,53.023
2026-08-17T16:18:15.21874972Z,read,200,37.485
2026-08-17T16:18:15.229534034Z,read,200,30.928
2026-08-17T16:18:15.237686583Z,write,201,22.821
2026-08-17T16:18:15.237513891Z,read,200,23.113
2026-08-17T16:18:15.234588369Z,read,200,26.091
2026-08-17T16:18:15.236685269Z,read,200,24.080
2026-08-17T16:18:15.224621872Z,write,201,36.222
2026-08-17T16:18:15.242723065Z,write,201,20.090
2026-08-17T16:18:15.233097804Z,read,200,31.746
2026-08-17T16:18:15.241210454Z,write,201,31.101
2026-08-17T16:18:15.250202747Z,read,200,25.576
2026-08-17T16:18:15.239088905Z,read,200,37.000
2026-08-17T16:18:15.234715713Z,read,200,41.518
2026-08-17T16:18:15.229324637Z,read,200,47.207
2026-08-17T16:18:15.248079746Z,read,200,29.539
2026-08-17T16:18:15.241829207Z,read,200,36.319
2026-08-17T16:18:15.236840698Z,read,200,42.113
2026-08-17T16:18:15.250926667Z,read,200,28.116
2026-08-17T16:18:15.260486733Z,read,200,21.188
2026-08-17T16:18:15.260546334Z,write,201,22.016
2026-08-17T16:18:15.255855733Z,read,200,26.940
2026-08-17T16:18:15.24298721Z,read,200,40.008
2026-08-17T16:18:15.256260434Z,write,201,30.898
2026-08-17T16:18:15.272349812Z,write,201,38.196
2026-08-17T16:18:15.260637213Z,read,200,52.442
2026-08-17T16:18:15.276546378Z,write,201,37.119
2026-08-17T16:18:15.283007936Z,read,200,31.475
2026-08-17T16:18:15.275815032Z,write,201,38.864
2026-08-17T16:18:15.260796901Z,read,200,56.128
2026-08-17T16:18:15.278162517Z,read,200,38.849
2026-08-17T16:18:15.276253962Z,write,201,41.458
2026-08-17T16:18:15.277786369Z,write,201,40.049
2026-08-17T16:18:15.276111111Z,write,201,41.793
2026-08-17T16:18:15.260869696Z,read,200,62.672
2026-08-17T16:18:15.2628332Z,read,200,61.570
2026-08-17T16:18:15.260717887Z,read,200,64.922
2026-08-17T16:18:15.264863454Z,read,200,60.818
2026-08-17T16:18:15.282827969Z,write,201,44.117
2026-08-17T16:18:15.27905404Z,read,200,49.426
2026-08-17T16:18:15.282579085Z,read,200,46.876
2026-08-17T16:18:15.278968609Z,read,200,53.924
2026-08-17T16:18:15.281696136Z,read,200,59.059
2026-08-17T16:18:15.316943953Z,read,200,25.424
2026-08-17T16:18:15.287241152Z,read,200,59.723
2026-08-17T16:18:15.313174581Z,write,201,42.251
2026-08-17T16:18:15.317738996Z,write,201,37.801
2026-08-17T16:18:15.313815519Z,write,201,44.960
2026-08-17T16:18:15.314692694Z,read,200,49.444
2026-08-17T16:18:15.317845271Z,read,200,46.463
2026-08-17T16:18:15.328508478Z,write,201,37.157
2026-08-17T16:18:15.325669752Z,write,201,43.174
2026-08-17T16:18:15.326971146Z,write,201,42.090
2026-08-17T16:18:15.325698411Z,write,201,44.089
2026-08-17T16:18:15.323566924Z,read,200,46.466
2026-08-17T16:18:15.317913465Z,read,200,52.884
2026-08-17T16:18:15.314503758Z,read,200,57.040
2026-08-17T16:18:15.317021683Z,read,200,55.330
2026-08-17T16:18:15.324429821Z,read,200,48.014
2026-08-17T16:18:15.310587011Z,read,200,62.068
2026-08-17T16:18:15.340799093Z,write,201,33.881
2026-08-17T16:18:15.329471968Z,read,200,47.557
2026-08-17T16:18:15.332916304Z,read,200,46.084
2026-08-17T16:18:15.342408811Z,write,201,43.719
2026-08-17T16:18:15.347005256Z,write,201,39.266
2026-08-17T16:18:15.364176744Z,write,201,28.897
2026-08-17T16:18:15.369101802Z,write,201,27.422
2026-08-17T16:18:15.355455239Z,read,200,44.545
2026-08-17T16:18:15.368965901Z,write,201,33.068
2026-08-17T16:18:15.35555488Z,read,200,48.197
2026-08-17T16:18:15.36569064Z,read,200,40.003
2026-08-17T16:18:15.379028879Z,write,201,31.532
2026-08-17T16:18:15.371559648Z,read,200,45.172
2026-08-17T16:18:15.370812445Z,read,200,46.466
2026-08-17T16:18:15.377079271Z,read,200,40.429
2026-08-17T16:18:15.369811376Z,read,200,47.896
2026-08-17T16:18:15.372367261Z,read,200,46.170
2026-08-17T16:18:15.364323054Z,read,200,54.490
2026-08-17T16:18:15.386284285Z,read,200,32.739
2026-08-17T16:18:15.386159637Z,read,200,36.009
2026-08-17T16:18:15.372453982Z,read,200,51.258
2026-08-17T16:18:15.400068645Z,write,201,26.716
2026-08-17T16:18:15.393100972Z,read,200,35.656
2026-08-17T16:18:15.374699869Z,read,200,55.076
2026-08-17T16:18:15.372671239Z,read,200,58.417
2026-08-17T16:18:15.370047987Z,read,200,63.491
2026-08-17T16:18:15.358804524Z,read,200,74.994
2026-08-17T16:18:15.396552739Z,read,200,43.290
2026-08-17T16:18:15.402089231Z,write,201,38.716
2026-08-17T16:18:15.405726779Z,write,201,35.333
2026-08-17T16:18:15.419047107Z,write,201,27.288
2026-08-17T16:18:15.403773604Z,read,200,44.051
2026-08-17T16:18:15.41855343Z,read,200,31.075
2026-08-17T16:18:15.426813004Z,read,200,23.047
2026-08-17T16:18:15.410590281Z,read,200,39.469
2026-08-17T16:18:15.433560059Z,read,200,16.655
2026-08-17T16:18:15.423767292Z,write,201,26.613
2026-08-17T16:18:15.418836015Z,read,200,34.215
2026-08-17T16:18:15.431107604Z,read,200,22.399
2026-08-17T16:18:15.416791368Z,write,201,41.367
2026-08-17T16:18:15.433811762Z,read,200,39.882
2026-08-17T16:18:15.417521461Z,read,200,57.036
2026-08-17T16:18:15.450226264Z,read,200,25.330
2026-08-17T16:18:15.458187181Z,read,200,17.556
2026-08-17T16:18:15.441073362Z,read,200,34.857
2026-08-17T16:18:15.446362514Z,read,200,29.708
2026-08-17T16:18:15.439870078Z,read,200,39.538
2026-08-17T16:18:15.428781541Z,read,200,50.839
2026-08-17T16:18:15.449683776Z,write,201,30.084
2026-08-17T16:18:15.450390867Z,read,200,30.803
2026-08-17T16:18:15.4478511Z,read,200,33.598
2026-08-17T16:18:15.417296348Z,read,200,65.122
2026-08-17T16:18:15.453523246Z,read,200,30.158
2026-08-17T16:18:15.449874909Z,read,200,34.031
2026-08-17T16:18:15.473722712Z,read,200,13.397
2026-08-17T16:18:15.417719848Z,read,200,72.913
2026-08-17T16:18:15.429796932Z,read,200,61.149
2026-08-17T16:18:15.453075225Z,read,200,38.085
2026-08-17T16:18:15.450072135Z,read,200,41.240
2026-08-17T16:18:15.422280588Z,read,200,69.203
2026-08-17T16:18:15.44082568Z,read,200,50.831
2026-08-17T16:18:15.483919497Z,read,200,14.172
2026-08-17T16:18:15.4794329Z,read,200,18.924
2026-08-17T16:18:15.474578328Z,read,200,24.048
2026-08-17T16:18:15.476080904Z,read,200,27.969
2026-08-17T16:18:15.48146391Z,read,200,22.691
2026-08-17T16:18:15.479789749Z,write,201,26.375
2026-08-17T16:18:15.475583164Z,write,201,36.610
2026-08-17T16:18:15.490969035Z,write,201,21.667
2026-08-17T16:18:15.491171529Z,read,200,24.124
2026-08-17T16:18:15.487143319Z,read,200,28.279
2026-08-17T16:18:15.482433415Z,read,200,35.402
2026-08-17T16:18:15.515433784Z,read,200,6.845
2026-08-17T16:18:15.490658507Z,read,200,31.753
2026-08-17T16:18:15.504076242Z,read,200,18.438
2026-08-17T16:18:15.498152492Z,write,201,24.428
2026-08-17T16:18:15.512221635Z,read,200,10.447
2026-08-17T16:18:15.491341786Z,read,200,31.389
2026-08-17T16:18:15.504169187Z,read,200,18.610
2026-08-17T16:18:15.483696775Z,read,200,42.037
2026-08-17T16:18:15.491494362Z,read,200,34.930
2026-08-17T16:18:15.498639653Z,read,200,28.377
2026-08-17T16:18:15.475942022Z,read,200,51.502
2026-08-17T16:18:15.506187944Z,read,200,21.656
2026-08-17T16:18:15.49167845Z,read,200,37.182
2026-08-17T16:18:15.481211187Z,read,200,47.879
2026-08-17T16:18:15.479634134Z,read,200,49.693
2026-08-17T16:18:15.498371403Z,read,200,31.163
2026-08-17T16:18:15.47575507Z,read,200,54.054
2026-08-17T16:18:15.522437057Z,write,201,28.585
2026-08-17T16:18:15.522790113Z,write,201,31.149
2026-08-17T16:18:15.52259516Z,write,201,33.957
2026-08-17T16:18:15.522682138Z,write,201,34.127
2026-08-17T16:18:15.529548079Z,read,200,27.465
2026-08-17T16:18:15.525797612Z,write,201,32.638
2026-08-17T16:18:15.527458598Z,read,200,38.116
2026-08-17T16:18:15.522523936Z,read,200,43.125
2026-08-17T16:18:15.515319638Z,read,200,52.013
2026-08-17T16:18:15.527867421Z,write,201,40.852
2026-08-17T16:18:15.512652155Z,read,200,62.262
2026-08-17T16:18:15.517896668Z,read,200,57.125
2026-08-17T16:18:15.529823157Z,read,200,45.257
2026-08-17T16:18:15.565662235Z,read,200,21.900
2026-08-17T16:18:15.529339173Z,read,200,58.327
2026-08-17T16:18:15.556597552Z,write,201,33.355
2026-08-17T16:18:15.565602435Z,read,200,24.426
2026-08-17T16:18:15.527032621Z,read,200,63.484
2026-08-17T16:18:15.575033123Z,read,200,15.415
2026-08-17T16:18:15.528876538Z,read,200,62.181
2026-08-17T16:18:15.574942828Z,read,200,16.439
2026-08-17T16:18:15.522305518Z,read,200,70.393
2026-08-17T16:18:15.556823718Z,read,200,36.571
2026-08-17T16:18:15.553990008Z,read,200,40.245
2026-08-17T16:18:15.567354541Z,read,200,26.706
2026-08-17T16:18:15.522739363Z,read,200,64.760
2026-08-17T16:18:15.529102706Z,read,200,65.941
2026-08-17T16:18:15.575089535Z,read,200,18.428
2026-08-17T16:18:15.55702552Z,read,200,40.581
2026-08-17T16:18:15.551050768Z,read,200,46.638
2026-08-17T16:18:15.526459929Z,read,200,71.767
2026-08-17T16:18:15.558451761Z,read,200,39.716
2026-08-17T16:18:15.587688458Z,write,201,11.117
2026-08-17T16:18:15.568741153Z,read,200,30.265
2026-08-17T16:18:15.590043901Z,write,201,26.946
2026-08-17T16:18:15.595118411Z,write,201,22.252
2026-08-17T16:18:15.590664166Z,write,201,27.102
2026-08-17T16:18:15.590528852Z,read,200,33.709
2026-08-17T16:18:15.595833143Z,read,200,33.153
2026-08-17T16:18:15.591873078Z,read,200,40.580
2026-08-17T16:18:15.587614093Z,read,200,44.941
2026-08-17T16:18:15.594248876Z,read,200,38.379
2026-08-17T16:18:15.597979067Z,write,201,34.733
2026-08-17T16:18:15.597742932Z,read,200,35.045
2026-08-17T16:18:15.617017304Z,read,200,15.821
2026-08-17T16:18:15.594292553Z,read,200,38.609
2026-08-17T16:18:15.591070067Z,read,200,41.903
2026-08-17T16:18:15.617779802Z,read,200,15.258
2026-08-17T16:18:15.599018673Z,read,200,34.082
2026-08-17T16:18:15.598238709Z,read,200,35.680
2026-08-17T16:18:15.592742576Z,read,200,41.485
2026-08-17T16:18:15.595513959Z,read,200,38.776
2026-08-17T16:18:15.598936327Z,write,201,35.418
2026-08-17T16:18:15.589970311Z,read,200,44.443
2026-08-17T16:18:15.598317939Z,read,200,36.161
2026-08-17T16:18:15.593410059Z,read,200,41.148
2026-08-17T16:18:15.624278271Z,write,201,30.675
2026-08-17T16:18:15.617386568Z,read,200,41.235
2026-08-17T16:18:15.632988106Z,write,201,28.360
2026-08-17T16:18:15.63304894Z,write,201,29.560
2026-08-17T16:18:15.65864943Z,read,200,17.996
2026-08-17T16:18:15.634491349Z,write,201,42.507
2026-08-17T16:18:15.633952223Z,write,201,43.779
2026-08-17T16:18:15.634362812Z,read,200,42.765
2026-08-17T16:18:15.632721274Z,read,200,45.117
2026-08-17T16:18:15.634421435Z,read,200,43.800
2026-08-17T16:18:15.634569879Z,write,201,43.745
2026-08-17T16:18:15.62901278Z,read,200,49.549
2026-08-17T16:18:15.632797119Z,read,200,45.993
2026-08-17T16:18:15.632647015Z,write,201,47.870
2026-08-17T16:18:15.654992274Z,write,201,22.831
2026-08-17T16:18:15.634298481Z,read,200,46.573
2026-08-17T16:18:15.633109258Z,read,200,48.277
2026-08-17T16:18:15.632846566Z,read,200,48.914
2026-08-17T16:18:15.632911146Z,read,200,49.051
2026-08-17T16:18:15.634239811Z,read,200,47.773
2026-08-17T16:18:15.632565318Z,read,200,50.257
2026-08-17T16:18:15.632480101Z,read,200,50.571
2026-08-17T16:18:15.662638681Z,write,201,22.047
2026-08-17T16:18:15.661368577Z,read,200,24.488
2026-08-17T16:18:15.680914748Z,write,201,36.075
2026-08-17T16:18:15.676678537Z,write,201,40.521
2026-08-17T16:18:15.681416057Z,write,201,35.993
2026-08-17T16:18:15.682033478Z,write,201,36.007
2026-08-17T16:18:15.682841572Z,write,201,35.975
2026-08-17T16:18:15.678234689Z,read,200,46.500
2026-08-17T16:18:15.6817738Z,read,200,43.062
2026-08-17T16:18:15.677744393Z,read,200,47.190
2026-08-17T16:18:15.683078219Z,read,200,42.787
2026-08-17T16:18:15.677055178Z,write,201,48.983
2026-08-17T16:18:15.680530528Z,read,200,45.866
2026-08-17T16:18:15.681307146Z,read,200,45.116
2026-08-17T16:18:15.677792338Z,write,201,49.499
2026-08-17T16:18:15.678810957Z,write,201,48.588
2026-08-17T16:18:15.68243126Z,read,200,49.494
2026-08-17T16:18:15.685878869Z,write,201,46.214
2026-08-17T16:18:15.68470145Z,read,200,50.954
2026-08-17T16:18:15.71742159Z,read,200,19.820
2026-08-17T16:18:15.677924784Z,read,200,61.849
2026-08-17T16:18:15.718065202Z,write,201,21.746
2026-08-17T16:18:15.678326277Z,read,200,61.537
2026-08-17T16:18:15.718828243Z,read,200,28.660
2026-08-17T16:18:15.678573703Z,read,200,70.515
2026-08-17T16:18:15.724846333Z,read,200,25.178
2026-08-17T16:18:15.724944312Z,read,200,26.228
2026-08-17T16:18:15.717018199Z,read,200,34.300
2026-08-17T16:18:15.72640987Z,read,200,25.012
2026-08-17T16:18:15.717212525Z,read,200,34.330
2026-08-17T16:18:15.726432809Z,read,200,25.138
2026-08-17T16:18:15.726060899Z,write,201,37.653
2026-08-17T16:18:15.725901048Z,read,200,39.043
2026-08-17T16:18:15.724762586Z,read,200,41.073
2026-08-17T16:18:15.727410703Z,read,200,38.881
2026-08-17T16:18:15.732104714Z,read,200,34.853
2026-08-17T16:18:15.739830365Z,write,201,27.439
2026-08-17T16:18:15.727313609Z,write,201,43.886
2026-08-17T16:18:15.737279415Z,write,201,33.922
2026-08-17T16:18:15.739873223Z,read,200,35.077
2026-08-17T16:18:15.747536597Z,write,201,28.927
2026-08-17T16:18:15.751214546Z,write,201,25.280
2026-08-17T16:18:15.731948706Z,read,200,50.436
2026-08-17T16:18:15.75132889Z,read,200,31.960
2026-08-17T16:18:15.735680421Z,read,200,50.244
2026-08-17T16:18:15.766984003Z,write,201,21.751
2026-08-17T16:18:15.76374478Z,read,200,27.574
2026-08-17T16:18:15.766308082Z,read,200,25.115
2026-08-17T16:18:15.76728254Z,read,200,26.011
2026-08-17T16:18:15.751554088Z,read,200,43.511
2026-08-17T16:18:15.749111782Z,read,200,46.042
2026-08-17T16:18:15.751432179Z,read,200,44.788
2026-08-17T16:18:15.765855039Z,read,200,30.452
2026-08-17T16:18:15.750041604Z,read,200,46.327
2026-08-17T16:18:15.776497771Z,write,201,20.035
2026-08-17T16:18:15.764977738Z,read,200,32.808
2026-08-17T16:18:15.751606215Z,read,200,46.405
2026-08-17T16:18:15.739795191Z,read,200,58.592
2026-08-17T16:18:15.785943945Z,read,200,15.295
2026-08-17T16:18:15.771301464Z,write,201,30.233
2026-08-17T16:18:15.771241506Z,read,200,31.411
2026-08-17T16:18:15.795166461Z,read,200,12.381
2026-08-17T16:18:15.774976646Z,read,200,32.886
2026-08-17T16:18:15.7965441Z,read,200,11.543
2026-08-17T16:18:15.791345562Z,read,200,16.958
2026-08-17T16:18:15.782416316Z,read,200,26.443
2026-08-17T16:18:15.78876603Z,read,200,21.906
2026-08-17T16:18:15.776508643Z,read,200,34.592
2026-08-17T16:18:15.796317505Z,read,200,22.466
2026-08-17T16:18:15.793315367Z,read,200,25.712
2026-08-17T16:18:15.797813346Z,write,201,26.499
2026-08-17T16:18:15.802679691Z,write,201,22.312
2026-08-17T16:18:15.798031908Z,write,201,27.203
2026-08-17T16:18:15.808101379Z,read,200,17.607
2026-08-17T16:18:15.818812853Z,read,200,9.885
2026-08-17T16:18:15.808326332Z,write,201,27.031
2026-08-17T16:18:15.795084929Z,read,200,45.091
2026-08-17T16:18:15.79646624Z,read,200,43.822
2026-08-17T16:18:15.801258813Z,read,200,39.246
2026-08-17T16:18:15.810691554Z,read,200,29.881
2026-08-17T16:18:15.811115793Z,read,200,29.533
2026-08-17T16:18:15.801550107Z,read,200,39.890
2026-08-17T16:18:15.79840688Z,read,200,44.772
2026-08-17T16:18:15.783308239Z,read,200,60.204
2026-08-17T16:18:15.791452065Z,read,200,52.224
2026-08-17T16:18:15.807582889Z,write,201,43.867
2026-08-17T16:18:15.825724352Z,read,200,28.485
2026-08-17T16:18:15.828757202Z,write,201,39.708
2026-08-17T16:18:15.835400299Z,write,201,33.675
2026-08-17T16:18:15.825260898Z,write,201,44.031
2026-08-17T16:18:15.796239057Z,read,200,73.821
2026-08-17T16:18:15.80887474Z,read,200,62.124
2026-08-17T16:18:15.807879418Z,read,200,63.637
2026-08-17T16:18:15.825022198Z,read,200,48.707
2026-08-17T16:18:15.819044041Z,read,200,55.658
2026-08-17T16:18:15.843536537Z,write,201,31.906
2026-08-17T16:18:15.840668132Z,write,201,36.768
2026-08-17T16:18:15.840581815Z,read,200,38.315
2026-08-17T16:18:15.840518748Z,read,200,38.688
2026-08-17T16:18:15.824339555Z,read,200,55.019
2026-08-17T16:18:15.851550649Z,write,201,29.302
2026-08-17T16:18:15.840204859Z,read,200,40.914
2026-08-17T16:18:15.84029981Z,read,200,40.975
2026-08-17T16:18:15.843198051Z,read,200,38.532
2026-08-17T16:18:15.843689256Z,read,200,38.862
2026-08-17T16:18:15.841457558Z,read,200,41.633
2026-08-17T16:18:15.854248549Z,read,200,31.625
2026-08-17T16:18:15.869315691Z,write,201,26.653
2026-08-17T16:18:15.87546663Z,write,201,20.750
2026-08-17T16:18:15.874728088Z,write,201,32.664
2026-08-17T16:18:15.878978819Z,write,201,28.756
2026-08-17T16:18:15.88087583Z,write,201,26.938
2026-08-17T16:18:15.879224797Z,write,201,32.797
2026-08-17T16:18:15.881743341Z,read,200,31.431
2026-08-17T16:18:15.868495008Z,read,200,44.941
2026-08-17T16:18:15.871014566Z,read,200,47.171
2026-08-17T16:18:15.881286858Z,read,200,37.805
2026-08-17T16:18:15.869093977Z,read,200,52.340
2026-08-17T16:18:15.873913817Z,read,200,47.738
2026-08-17T16:18:15.871530362Z,read,200,51.110
2026-08-17T16:18:15.879370318Z,read,200,47.580
2026-08-17T16:18:15.870076472Z,read,200,57.625
2026-08-17T16:18:15.8811375Z,write,201,56.707
2026-08-17T16:18:15.896003359Z,write,201,42.129
2026-08-17T16:18:15.907829929Z,write,201,30.537
2026-08-17T16:18:15.907431954Z,write,201,31.272
2026-08-17T16:18:15.896232465Z,read,200,48.591
2026-08-17T16:18:15.913459422Z,write,201,32.843
2026-08-17T16:18:15.885939587Z,read,200,61.800
2026-08-17T16:18:15.92145469Z,read,200,26.465
2026-08-17T16:18:15.912045214Z,read,200,36.574
2026-08-17T16:18:15.907751187Z,read,200,41.320
2026-08-17T16:18:15.882564159Z,read,200,66.711
2026-08-17T16:18:15.919111955Z,read,200,30.358
2026-08-17T16:18:15.918309152Z,read,200,34.167
2026-08-17T16:18:15.877537498Z,read,200,75.198
2026-08-17T16:18:15.922679242Z,write,201,31.069
2026-08-17T16:18:15.937873087Z,read,200,16.705
2026-08-17T16:18:15.926973066Z,read,200,28.834
2026-08-17T16:18:15.938173707Z,read,200,17.861
2026-08-17T16:18:15.938380265Z,read,200,18.619
2026-08-17T16:18:15.927734509Z,read,200,29.449
2026-08-17T16:18:15.944852281Z,read,200,21.412
2026-08-17T16:18:15.949092421Z,write,201,18.837
2026-08-17T16:18:15.921672372Z,read,200,48.563
2026-08-17T16:18:15.956060933Z,read,200,15.011
2026-08-17T16:18:15.949299735Z,read,200,21.977
2026-08-17T16:18:15.947946338Z,read,200,23.707
2026-08-17T16:18:15.955821752Z,read,200,15.849
2026-08-17T16:18:15.93871978Z,read,200,32.968
2026-08-17T16:18:15.947762859Z,read,200,23.939
2026-08-17T16:18:15.957196766Z,read,200,14.526
2026-08-17T16:18:15.953764771Z,read,200,17.976
2026-08-17T16:18:15.948675986Z,write,201,23.083
2026-08-17T16:18:15.952497382Z,read,200,19.279
2026-08-17T16:18:15.883104818Z,read,200,88.692
2026-08-17T16:18:15.913193378Z,read,200,58.622
2026-08-17T16:18:15.952749438Z,read,200,19.082
2026-08-17T16:18:15.954592531Z,read,200,17.255
2026-08-17T16:18:15.94947827Z,read,200,22.387
2026-08-17T16:18:15.957013267Z,read,200,14.882
2026-08-17T16:18:15.946354888Z,write,201,25.568
2026-08-17T16:18:15.972725139Z,write,201,25.538
2026-08-17T16:18:15.966304474Z,write,201,32.316
2026-08-17T16:18:15.97207941Z,write,201,26.764
2026-08-17T16:18:15.967983903Z,write,201,30.940
2026-08-17T16:18:15.972283272Z,read,200,27.940
2026-08-17T16:18:15.972677903Z,read,200,28.419
2026-08-17T16:18:15.971298202Z,write,201,35.364
2026-08-17T16:18:15.972211258Z,read,200,41.909
2026-08-17T16:18:15.972003376Z,read,200,42.141
2026-08-17T16:18:15.972177281Z,read,200,41.943
2026-08-17T16:18:15.972126438Z,read,200,47.397
2026-08-17T16:18:15.972821658Z,read,200,47.176
2026-08-17T16:18:15.971089442Z,read,200,49.124
2026-08-17T16:18:15.998292907Z,read,200,23.187
2026-08-17T16:18:15.970290611Z,read,200,51.414
2026-08-17T16:18:15.972784572Z,read,200,49.133
2026-08-17T16:18:15.972038328Z,read,200,50.082
2026-08-17T16:18:15.972600776Z,read,200,49.744
2026-08-17T16:18:15.9723227Z,read,200,50.199
2026-08-17T16:18:15.972245325Z,read,200,50.479
2026-08-17T16:18:16.000244218Z,write,201,26.101
2026-08-17T16:18:16.001112267Z,read,200,29.519
2026-08-17T16:18:15.972867404Z,read,200,58.239
2026-08-17T16:18:15.998646725Z,write,201,36.081
2026-08-17T16:18:15.998940365Z,write,201,36.087
2026-08-17T16:18:16.006698348Z,write,201,34.919
2026-08-17T16:18:16.014157109Z,write,201,27.843
2026-08-17T16:18:16.022747385Z,write,201,19.474
2026-08-17T16:18:15.998855825Z,read,200,52.693
2026-08-17T16:18:16.014229611Z,read,200,41.311
2026-08-17T16:18:16.019592034Z,write,201,38.656
2026-08-17T16:18:16.030696807Z,write,201,28.976
2026-08-17T16:18:16.026403203Z,write,201,33.748
2026-08-17T16:18:16.022137198Z,read,200,38.806
2026-08-17T16:18:16.031124571Z,read,200,29.938
2026-08-17T16:18:16.020013704Z,read,200,41.129
2026-08-17T16:18:16.021496108Z,read,200,40.876
2026-08-17T16:18:16.02171752Z,read,200,44.337
2026-08-17T16:18:16.022356627Z,read,200,43.797
2026-08-17T16:18:16.022538016Z,read,200,43.705
2026-08-17T16:18:16.02193131Z,read,200,44.374
2026-08-17T16:18:16.014155533Z,read,200,52.208
2026-08-17T16:18:16.042235773Z,read,200,26.083
2026-08-17T16:18:16.051575027Z,read,200,34.533
2026-08-17T16:18:16.041682294Z,write,201,44.541
2026-08-17T16:18:16.034754169Z,read,200,51.572
2026-08-17T16:18:16.020226757Z,read,200,66.175
2026-08-17T16:18:16.042028564Z,read,200,46.185
2026-08-17T16:18:16.035042841Z,read,200,53.468
2026-08-17T16:18:16.058308784Z,write,201,36.050
2026-08-17T16:18:16.061077313Z,write,201,46.281
2026-08-17T16:18:16.060994025Z,write,201,46.984
2026-08-17T16:18:16.061159138Z,write,201,47.014
2026-08-17T16:18:16.06617402Z,write,201,42.102
2026-08-17T16:18:16.068345747Z,write,201,40.116
2026-08-17T16:18:16.066373236Z,read,200,43.288
2026-08-17T16:18:16.066314238Z,read,200,43.518
2026-08-17T16:18:16.055593784Z,read,200,55.933
2026-08-17T16:18:16.08853457Z,write,201,25.150
2026-08-17T16:18:16.086414334Z,write,201,31.334
2026-08-17T16:18:16.060165654Z,read,200,57.713
2026-08-17T16:18:16.066080009Z,read,200,51.919
2026-08-17T16:18:16.066253689Z,read,200,51.808
2026-08-17T16:18:16.088235958Z,read,200,29.878
2026-08-17T16:18:16.086136381Z,read,200,34.517
2026-08-17T16:18:16.062386761Z,read,200,58.477
2026-08-17T16:18:16.05970386Z,read,200,61.448
2026-08-17T16:18:16.086242989Z,read,200,38.290
2026-08-17T16:18:16.094463385Z,write,201,33.730
2026-08-17T16:18:16.086344793Z,write,201,43.038
2026-08-17T16:18:16.108296842Z,write,201,26.377
2026-08-17T16:18:16.109845034Z,read,200,27.595
2026-08-17T16:18:16.108473991Z,read,200,29.199
2026-08-17T16:18:16.117774546Z,read,200,22.422
2026-08-17T16:18:16.118011128Z,read,200,23.079
2026-08-17T16:18:16.107386163Z,read,200,34.907
2026-08-17T16:18:16.121172733Z,write,201,24.877
2026-08-17T16:18:16.120915855Z,write,201,27.752
2026-08-17T16:18:16.113705079Z,read,200,42.417
2026-08-17T16:18:16.107996518Z,read,200,48.601
2026-08-17T16:18:16.118122194Z,read,200,39.995
2026-08-17T16:18:16.11154351Z,read,200,46.681
2026-08-17T16:18:16.120676058Z,read,200,38.977
2026-08-17T16:18:16.117901659Z,read,200,42.187
2026-08-17T16:18:16.109685155Z,read,200,50.831
2026-08-17T16:18:16.118070811Z,read,200,42.512
2026-08-17T16:18:16.12941336Z,write,201,32.882
2026-08-17T16:18:16.137694845Z,write,201,24.637
2026-08-17T16:18:16.108187714Z,read,200,55.611
2026-08-17T16:18:16.12455875Z,read,200,41.650
2026-08-17T16:18:16.141113302Z,read,200,25.232
2026-08-17T16:18:16.137467145Z,read,200,29.204
2026-08-17T16:18:16.134727428Z,read,200,32.786
2026-08-17T16:18:16.128280753Z,write,201,45.681
2026-08-17T16:18:16.148731922Z,write,201,28.200
2026-08-17T16:18:16.156620119Z,read,200,32.885
2026-08-17T16:18:16.15615279Z,read,200,38.475
2026-08-17T16:18:16.160111184Z,write,201,34.797
2026-08-17T16:18:16.15823896Z,write,201,38.760
2026-08-17T16:18:16.1581471Z,write,201,39.091
2026-08-17T16:18:16.14231939Z,read,200,58.044
2026-08-17T16:18:16.159680242Z,write,201,40.950
2026-08-17T16:18:16.162314186Z,read,200,40.204
2026-08-17T16:18:16.146076574Z,read,200,56.518
2026-08-17T16:18:16.163817071Z,read,200,41.208
2026-08-17T16:18:16.189543707Z,read,200,17.774
2026-08-17T16:18:16.194683446Z,read,200,15.585
2026-08-17T16:18:16.166358986Z,read,200,45.670
2026-08-17T16:18:16.160533752Z,read,200,52.786
2026-08-17T16:18:16.176986348Z,read,200,38.778
2026-08-17T16:18:16.167534278Z,write,201,50.064
2026-08-17T16:18:16.166241411Z,write,201,52.919
2026-08-17T16:18:16.194923149Z,read,200,25.662
2026-08-17T16:18:16.166690859Z,write,201,54.293
2026-08-17T16:18:16.140220716Z,read,200,81.144
2026-08-17T16:18:16.162342636Z,read,200,60.524
2026-08-17T16:18:16.200408416Z,write,201,22.570
2026-08-17T16:18:16.173992036Z,read,200,49.332
2026-08-17T16:18:16.160594248Z,read,200,63.837
2026-08-17T16:18:16.200651173Z,write,201,25.973
2026-08-17T16:18:16.210292797Z,read,200,17.798
2026-08-17T16:18:16.19702243Z,read,200,36.480
2026-08-17T16:18:16.205045023Z,read,200,47.648
2026-08-17T16:18:16.20260619Z,read,200,50.479
2026-08-17T16:18:16.202537209Z,read,200,52.128
2026-08-17T16:18:16.197252464Z,read,200,58.148
2026-08-17T16:18:16.213349444Z,write,201,45.584
2026-08-17T16:18:16.207349977Z,write,201,51.876
2026-08-17T16:18:16.233540943Z,read,200,27.559
2026-08-17T16:18:16.212060843Z,write,201,50.028
2026-08-17T16:18:16.217626042Z,write,201,44.749
2026-08-17T16:18:16.215795392Z,write,201,47.118
2026-08-17T16:18:16.219193259Z,read,200,46.421
2026-08-17T16:18:16.221390401Z,write,201,51.867
2026-08-17T16:18:16.22299281Z,read,200,51.979
2026-08-17T16:18:16.224445703Z,read,200,51.659
2026-08-17T16:18:16.254683848Z,read,200,21.686
2026-08-17T16:18:16.22811372Z,read,200,48.525
2026-08-17T16:18:16.226642575Z,read,200,50.173
2026-08-17T16:18:16.22289308Z,read,200,54.074
2026-08-17T16:18:16.25541528Z,read,200,24.935
2026-08-17T16:18:16.220603037Z,read,200,61.713
2026-08-17T16:18:16.223337437Z,read,200,59.250
2026-08-17T16:18:16.253114097Z,write,201,29.697
2026-08-17T16:18:16.22099891Z,read,200,62.171
2026-08-17T16:18:16.25272073Z,read,200,30.775
2026-08-17T16:18:16.261152796Z,write,201,42.462
2026-08-17T16:18:16.262935509Z,write,201,41.232
2026-08-17T16:18:16.275031103Z,write,201,35.387
2026-08-17T16:18:16.2828296Z,write,201,27.699
2026-08-17T16:18:16.276827584Z,read,200,38.784
2026-08-17T16:18:16.258956128Z,read,200,57.324
2026-08-17T16:18:16.28260952Z,write,201,34.573
2026-08-17T16:18:16.276392586Z,read,200,41.152
2026-08-17T16:18:16.262388523Z,read,200,55.696
2026-08-17T16:18:16.259240315Z,read,200,59.467
2026-08-17T16:18:16.276128902Z,write,201,42.789
2026-08-17T16:18:16.283509349Z,read,200,37.262
2026-08-17T16:18:16.265636855Z,read,200,56.099
2026-08-17T16:18:16.276988354Z,write,201,45.236
2026-08-17T16:18:16.273285287Z,read,200,53.045
2026-08-17T16:18:16.283189326Z,write,201,44.302
2026-08-17T16:18:16.280368183Z,read,200,48.534
2026-08-17T16:18:16.262121136Z,read,200,68.318
2026-08-17T16:18:16.310540259Z,read,200,20.101
2026-08-17T16:18:16.317199388Z,read,200,13.712
2026-08-17T16:18:16.30418875Z,write,201,26.979
2026-08-17T16:18:16.276652954Z,read,200,54.683
2026-08-17T16:18:16.303642829Z,read,200,29.737
2026-08-17T16:18:16.310444546Z,read,200,23.484
2026-08-17T16:18:16.282337054Z,read,200,54.179
2026-08-17T16:18:16.328925189Z,read,200,8.557
2026-08-17T16:18:16.316298072Z,read,200,21.386
2026-08-17T16:18:16.315674821Z,write,201,22.247
2026-08-17T16:18:16.317559705Z,read,200,20.558
2026-08-17T16:18:16.318098924Z,read,200,20.237
2026-08-17T16:18:16.31872138Z,read,200,19.840
2026-08-17T16:18:16.320786238Z,read,200,18.044
2026-08-17T16:18:16.327513411Z,read,200,16.152
2026-08-17T16:18:16.326354617Z,read,200,44.123
2026-08-17T16:18:16.338843367Z,read,200,31.749
2026-08-17T16:18:16.337500214Z,read,200,33.159
2026-08-17T16:18:16.338583679Z,read,200,32.153
2026-08-17T16:18:16.333943473Z,read,200,37.746
2026-08-17T16:18:16.333406415Z,write,201,43.454
2026-08-17T16:18:16.338137788Z,write,201,46.005
2026-08-17T16:18:16.343703569Z,write,201,40.909
2026-08-17T16:18:16.331353201Z,write,201,53.475
2026-08-17T16:18:16.321761506Z,write,201,63.331
2026-08-17T16:18:16.337697066Z,read,200,47.553
2026-08-17T16:18:16.330933376Z,write,201,54.487
2026-08-17T16:18:16.331186709Z,write,201,54.408
2026-08-17T16:18:16.322245883Z,write,201,63.521
2026-08-17T16:18:16.337942381Z,write,201,48.033
2026-08-17T16:18:16.318930975Z,read,200,69.164
2026-08-17T16:18:16.338348445Z,read,200,50.110
2026-08-17T16:18:16.330457311Z,read,200,58.381
2026-08-17T16:18:16.330653018Z,read,200,59.450
2026-08-17T16:18:16.336537178Z,read,200,54.268
2026-08-17T16:18:16.370753333Z,write,201,20.541
2026-08-17T16:18:16.370505877Z,read,200,20.996
2026-08-17T16:18:16.370676796Z,write,201,21.015
2026-08-17T16:18:16.371706519Z,read,200,21.819
2026-08-17T16:18:16.370604291Z,read,200,26.062
2026-08-17T16:18:16.376926522Z,read,200,28.850
2026-08-17T16:18:16.384182979Z,write,201,25.931
2026-08-17T16:18:16.391313896Z,write,201,18.829
2026-08-17T16:18:16.38526155Z,read,200,26.922
2026-08-17T16:18:16.385437834Z,write,201,30.578
2026-08-17T16:18:16.391715877Z,read,200,25.249
2026-08-17T16:18:16.385986381Z,read,200,31.886
2026-08-17T16:18:16.384629079Z,read,200,50.028
2026-08-17T16:18:16.385105177Z,read,200,49.688
2026-08-17T16:18:16.406688069Z,read,200,31.855
2026-08-17T16:18:16.388851547Z,read,200,52.703
2026-08-17T16:18:16.393547379Z,write,201,51.999
2026-08-17T16:18:16.385610192Z,write,201,61.550
2026-08-17T16:18:16.385782971Z,write,201,61.637
2026-08-17T16:18:16.38484861Z,write,201,62.593
2026-08-17T16:18:16.391520978Z,write,201,55.898
2026-08-17T16:18:16.396692704Z,write,201,50.811
2026-08-17T16:18:16.390126547Z,write,201,57.587
2026-08-17T16:18:16.388109802Z,read,200,60.762
2026-08-17T16:18:16.416999282Z,read,200,32.717
2026-08-17T16:18:16.412209092Z,read,200,40.313
2026-08-17T16:18:16.416043117Z,read,200,36.788
2026-08-17T16:18:16.417903725Z,read,200,35.828
2026-08-17T16:18:16.390819417Z,read,200,64.135
2026-08-17T16:18:16.38847202Z,read,200,67.147
2026-08-17T16:18:16.410153639Z,read,200,45.624
2026-08-17T16:18:16.434697628Z,write,201,23.471
2026-08-17T16:18:16.441581864Z,read,200,17.880
2026-08-17T16:18:16.410145043Z,read,200,49.729
2026-08-17T16:18:16.434806359Z,read,200,31.616
2026-08-17T16:18:16.438568461Z,read,200,28.482
2026-08-17T16:18:16.449730741Z,read,200,20.133
2026-08-17T16:18:16.452547575Z,read,200,18.967
2026-08-17T16:18:16.445603808Z,write,201,27.321
2026-08-17T16:18:16.447512062Z,read,200,25.622
2026-08-17T16:18:16.447453456Z,read,200,26.269
2026-08-17T16:18:16.447433947Z,read,200,26.543
2026-08-17T16:18:16.447188768Z,read,200,27.345
2026-08-17T16:18:16.448918488Z,read,200,25.771
2026-08-17T16:18:16.453768635Z,read,200,21.079
2026-08-17T16:18:16.452846857Z,read,200,25.873
2026-08-17T16:18:16.447483195Z,read,200,31.931
2026-08-17T16:18:16.455789357Z,read,200,24.918
2026-08-17T16:18:16.455633597Z,read,200,26.157
2026-08-17T16:18:16.469895422Z,read,200,13.187
2026-08-17T16:18:16.458190615Z,read,200,25.099
2026-08-17T16:18:16.459904969Z,read,200,23.548
2026-08-17T16:18:16.447736858Z,read,200,36.224
2026-08-17T16:18:16.466480252Z,write,201,20.321
2026-08-17T16:18:16.459481079Z,read,200,28.276
2026-08-17T16:18:16.454970695Z,read,200,33.193
2026-08-17T16:18:16.467067982Z,read,200,22.172
2026-08-17T16:18:16.474708062Z,write,201,18.510
2026-08-17T16:18:16.474547783Z,read,200,22.484
2026-08-17T16:18:16.478743764Z,read,200,19.545
2026-08-17T16:18:16.474000126Z,write,201,27.704
2026-08-17T16:18:16.473148268Z,read,200,30.212
2026-08-17T16:18:16.471536455Z,read,200,34.742
2026-08-17T16:18:16.487783798Z,write,201,20.973
2026-08-17T16:18:16.483106639Z,write,201,25.881
2026-08-17T16:18:16.474858455Z,read,200,37.297
2026-08-17T16:18:16.480724807Z,read,200,34.036
2026-08-17T16:18:16.483302532Z,read,200,31.861
2026-08-17T16:18:16.479430634Z,read,200,37.512
2026-08-17T16:18:16.483973952Z,read,200,34.966
2026-08-17T16:18:16.483465173Z,read,200,37.973
2026-08-17T16:18:16.472944549Z,read,200,48.985
2026-08-17T16:18:16.481806045Z,read,200,40.468
2026-08-17T16:18:16.473737861Z,read,200,48.812
2026-08-17T16:18:16.486819624Z,read,200,35.802
2026-08-17T16:18:16.498343784Z,write,201,26.999
2026-08-17T16:18:16.488177677Z,read,200,38.724
2026-08-17T16:18:16.497058593Z,read,200,32.877
2026-08-17T16:18:16.489254918Z,read,200,41.169
2026-08-17T16:18:16.5017378Z,write,201,28.837
2026-08-17T16:18:16.506308985Z,write,201,28.566
2026-08-17T16:18:16.509011987Z,write,201,26.248
2026-08-17T16:18:16.508780049Z,read,200,27.852
2026-08-17T16:18:16.512175765Z,read,200,24.479
2026-08-17T16:18:16.493243071Z,read,200,43.482
2026-08-17T16:18:16.50338307Z,read,200,42.666
2026-08-17T16:18:16.521493746Z,write,201,25.244
2026-08-17T16:18:16.518971438Z,write,201,28.676
2026-08-17T16:18:16.522563023Z,read,200,26.773
2026-08-17T16:18:16.52540575Z,read,200,25.285
2026-08-17T16:18:16.53059952Z,write,201,21.436
2026-08-17T16:18:16.516962495Z,read,200,35.301
2026-08-17T16:18:16.515179009Z,read,200,37.169
2026-08-17T16:18:16.521945167Z,read,200,30.470
2026-08-17T16:18:16.514784045Z,read,200,37.689
2026-08-17T16:18:16.529960568Z,read,200,22.753
2026-08-17T16:18:16.522631936Z,read,200,30.240
2026-08-17T16:18:16.526926919Z,read,200,28.940
2026-08-17T16:18:16.53044591Z,read,200,26.107
2026-08-17T16:18:16.522288008Z,read,200,34.720
2026-08-17T16:18:16.536658243Z,read,200,20.594
2026-08-17T16:18:16.535276447Z,read,200,23.905
2026-08-17T16:18:16.534937927Z,read,200,24.777
2026-08-17T16:18:16.53666551Z,read,200,23.695
2026-08-17T16:18:16.546089241Z,write,201,17.192
2026-08-17T16:18:16.547662103Z,read,200,17.256
2026-08-17T16:18:16.536743617Z,read,200,28.589
2026-08-17T16:18:16.546756309Z,read,200,22.470
2026-08-17T16:18:16.550720187Z,write,201,25.135
2026-08-17T16:18:16.552067594Z,write,201,24.463
2026-08-17T16:18:16.552730666Z,write,201,23.880
2026-08-17T16:18:16.56039148Z,write,201,16.111
2026-08-17T16:18:16.549353349Z,read,200,36.314
2026-08-17T16:18:16.552423788Z,read,200,34.633
2026-08-17T16:18:16.552483768Z,read,200,36.534
2026-08-17T16:18:16.552282741Z,write,201,39.109
2026-08-17T16:18:16.556567918Z,read,200,44.138
2026-08-17T16:18:16.559738036Z,write,201,41.320
2026-08-17T16:18:16.563316764Z,write,201,37.971
2026-08-17T16:18:16.565347643Z,read,200,36.294
2026-08-17T16:18:16.576621337Z,read,200,41.328
2026-08-17T16:18:16.589046902Z,read,200,28.922
2026-08-17T16:18:16.601074795Z,read,200,16.954
2026-08-17T16:18:16.600732993Z,read,200,17.359
2026-08-17T16:18:16.601312647Z,write,201,16.830
2026-08-17T16:18:16.585694433Z,read,200,32.517
2026-08-17T16:18:16.576547208Z,read,200,41.715
2026-08-17T16:18:16.587085878Z,read,200,31.227
2026-08-17T16:18:16.601655946Z,read,200,16.705
2026-08-17T16:18:16.576697321Z,read,200,41.722
2026-08-17T16:18:16.591424802Z,write,201,27.042
2026-08-17T16:18:16.555910345Z,write,201,62.611
2026-08-17T16:18:16.557277102Z,read,200,61.300
2026-08-17T16:18:16.552357974Z,read,200,66.296
2026-08-17T16:18:16.55289858Z,read,200,65.821
2026-08-17T16:18:16.575909409Z,write,201,42.869
2026-08-17T16:18:16.559196672Z,read,200,59.658
2026-08-17T16:18:16.557022693Z,read,200,61.907
2026-08-17T16:18:16.564941379Z,read,200,54.040
2026-08-17T16:18:16.569249668Z,read,200,49.788
2026-08-17T16:18:16.618595666Z,write,201,18.634
2026-08-17T16:18:16.618668268Z,write,201,23.695
2026-08-17T16:18:16.618989445Z,read,200,26.235
2026-08-17T16:18:16.618427307Z,read,200,36.976
2026-08-17T16:18:16.617980873Z,read,200,37.447
2026-08-17T16:18:16.618377597Z,read,200,37.026
2026-08-17T16:18:16.618475578Z,read,200,37.276
2026-08-17T16:18:16.619050797Z,write,201,39.321
2026-08-17T16:18:16.618730793Z,write,201,46.206
2026-08-17T16:18:16.618789979Z,write,201,47.342
2026-08-17T16:18:16.618270489Z,read,200,50.938
2026-08-17T16:18:16.617976479Z,read,200,51.507
2026-08-17T16:18:16.618151216Z,read,200,51.970
2026-08-17T16:18:16.618320544Z,read,200,52.935
2026-08-17T16:18:16.618101317Z,read,200,53.611
2026-08-17T16:18:16.645283471Z,write,201,43.060
2026-08-17T16:18:16.637267888Z,write,201,51.713
2026-08-17T16:18:16.618530762Z,read,200,70.774
2026-08-17T16:18:16.642535132Z,read,200,48.903
2026-08-17T16:18:16.618865114Z,write,201,72.784
2026-08-17T16:18:16.618220532Z,read,200,73.428
2026-08-17T16:18:16.655766218Z,write,201,41.313
2026-08-17T16:18:16.655576182Z,write,201,41.624
2026-08-17T16:18:16.655755289Z,write,201,41.716
2026-08-17T16:18:16.618037703Z,read,200,79.526
2026-08-17T16:18:16.658396452Z,write,201,39.322
2026-08-17T16:18:16.618938189Z,read,200,78.788
2026-08-17T16:18:16.655442584Z,write,201,42.381
2026-08-17T16:18:16.669244811Z,write,201,44.371
2026-08-17T16:18:16.67173573Z,write,201,43.120
2026-08-17T16:18:16.691672479Z,write,201,23.430
2026-08-17T16:18:16.697214727Z,write,201,19.490
2026-08-17T16:18:16.666150746Z,read,200,58.862
2026-08-17T16:18:16.697741228Z,write,201,27.496
2026-08-17T16:18:16.688371059Z,read,200,36.966
2026-08-17T16:18:16.716730717Z,write,201,22.655
2026-08-17T16:18:16.714912544Z,write,201,24.592
2026-08-17T16:18:16.697573355Z,read,200,42.016
2026-08-17T16:18:16.691455568Z,read,200,48.193
2026-08-17T16:18:16.68931926Z,read,200,50.352
2026-08-17T16:18:16.669499296Z,read,200,70.193
2026-08-17T16:18:16.697114796Z,write,201,42.600
2026-08-17T16:18:16.671271012Z,read,200,68.464
2026-08-17T16:18:16.665024364Z,read,200,74.730
2026-08-17T16:18:16.739598034Z,read,200,9.621
2026-08-17T16:18:16.697483303Z,read,200,51.683
2026-08-17T16:18:16.691665273Z,read,200,58.080
2026-08-17T16:18:16.670135748Z,read,200,79.653
2026-08-17T16:18:16.725357729Z,read,200,23.900
2026-08-17T16:18:16.697730958Z,read,200,51.597
2026-08-17T16:18:16.688998771Z,read,200,61.109
2026-08-17T16:18:16.715116828Z,read,200,36.440
2026-08-17T16:18:16.739525686Z,write,201,14.585
2026-08-17T16:18:16.73941318Z,read,200,15.193
2026-08-17T16:18:16.725040777Z,read,200,29.679
2026-08-17T16:18:16.697833746Z,read,200,57.921
2026-08-17T16:18:16.725258044Z,read,200,34.919
2026-08-17T16:18:16.713643627Z,read,200,47.389
